{
  "posters": [

    {
      "title": "https://i.ibb.co/PGBVrRp4/Picsart-25-10-10-08-15-10-007.png",
      "poster_link": "https://img10.hotstar.com/image/upload/f_auto,q_90,w_1920/sources/r1/cms/prod/2024/1760007622024-i",
      "watch_now": [
        { "id": "channel-4", "name": "Willow Sports" },
        { "id": "channel-13", "name": "Hindi" },
        { "id": "channel-10", "name": "TNT Sports" }
      ],
      "date": "10 Oct 2025",
      "start_time": "09:00 AM",
      "category": "Cricket",
      "year": "2025",
      "language": "Multi",
      "rating": "U/A"
    },
    {
      "title": "https://i.ibb.co/5xWSvf5F/Picsart-25-10-11-13-40-08-152.png",
      "poster_link": "https://img10.hotstar.com/image/upload/f_auto/sources/r1/cms/prod/7480/1760096407480-h",
      "watch_now": [
        { "id": "channel-7", "name": "ICC TV" },
        { "id": "channel-4", "name": "Willow Sports" },
        { "id": "channel-12", "name": "Prime" }
      ],
      "date": "11 Oct 2025",
      "start_time": "2:30 PM",
      "category": "Cricket",
      "year": "2025",
      "language": "English",
      "rating": "U/A"
    },
    {
      "title": "https://i.ibb.co/B5LTyBGm/Picsart-25-10-11-13-42-06-072.png",
      "poster_link": "https://i.ibb.co/LDMq0YvD/Picsart-25-10-11-13-45-05-732.jpg",
      "watch_now": [
        { "id": "icctv", "name": "ICC TV" }
      ],
      "date": "11 Oct 2025",
      "start_time": "05:00 PM",
      "category": "Cricket",
      "year": "2025",
      "language": "Multi",
      "rating": "U/A"
    },
   {
      "title": "https://i.ibb.co/WW98ffzP/Picsart-25-10-11-13-42-38-458.png",
      "poster_link": "https://i.ibb.co/gb9zFPqr/Picsart-25-10-11-13-45-29-691.jpg",
      "watch_now": [
        { "id": "fancode", "name": "Fancode" },
        { "id": "channel-14", "name": "ICC TV" }
      ],
      "date": "11 Oct 2025",
      "start_time": "05:20 PM",
      "category": "Cricket",
      "year": "2025",
      "language": "Multi",
      "rating": "U/A"
    }
  ]
}
